Date,Temperature_C,Rainfall_mm,Humidity_perc,WindSpeed_kmh,City,MonthName,Season
2022-01-01,5.2,1.5,88,12.5,Delhi,January,Winter
2022-01-02,4.8,0.0,91,10.1,Delhi,January,Winter
2022-01-03,5.5,0.0,90,11.3,Delhi,January,Winter
2022-01-04,6.1,2.2,85,15.7,Delhi,January,Winter
2022-01-05,7.0,0.0,82,14.9,Delhi,January,Winter
2022-01-06,6.5,0.0,84,13.0,Delhi,January,Winter
2022-01-07,6.8,0.5,86,11.5,Delhi,January,Winter
2022-01-08,7.2,1.1,87,10.9,Delhi,January,Winter
2022-01-09,8.0,0.0,81,16.2,Delhi,January,Winter
2022-01-10,8.5,0.0,79,17.0,Delhi,January,Winter
2022-01-11,8.0,0.0,80,19.3,Delhi,January,Winter
2022-01-12,7.4,0.0,83,18.8,Delhi,January,Winter
2022-01-13,6.3,0.0,84,18.0,Delhi,January,Winter
2022-01-14,6.6,0.0,83,18.9,Delhi,January,Winter
2022-01-15,6.0,0.0,83,19.9,Delhi,January,Winter
2022-01-16,4.7,0.0,84,20.0,Delhi,January,Winter
2022-01-17,4.0,0.0,87,19.2,Delhi,January,Winter
2022-01-18,5.0,0.0,86,17.1,Delhi,January,Winter
2022-01-19,5.8,0.0,85,15.3,Delhi,January,Winter
2022-01-20,6.0,0.0,84,16.8,Delhi,January,Winter
2022-01-21,5.2,0.0,85,17.1,Delhi,January,Winter
2022-01-22,4.6,0.0,85,14.9,Delhi,January,Winter
2022-01-23,4.6,0.0,87,15.7,Delhi,January,Winter
2022-01-24,3.7,0.0,89,17.0,Delhi,January,Winter
2022-01-25,3.1,0.0,90,19.6,Delhi,January,Winter
2022-01-26,4.0,0.0,88,18.1,Delhi,January,Winter
2022-01-27,5.0,0.0,86,16.2,Delhi,January,Winter
2022-01-28,4.5,0.0,87,14.2,Delhi,January,Winter
2022-01-29,3.6,0.0,89,14.6,Delhi,January,Winter
2022-01-30,3.5,0.0,90,16.7,Delhi,January,Winter
2022-01-31,4.0,0.0,89,17.1,Delhi,January,Winter
2022-02-01,9.1,0.0,75,18.0,Delhi,February,Winter
2022-02-02,10.5,0.0,72,19.5,Delhi,February,Winter
2022-02-03,11.0,0.5,70,15.0,Delhi,February,Winter
2022-02-04,12.2,1.2,68,14.2,Delhi,February,Winter
2022-02-05,13.5,0.0,65,16.8,Delhi,February,Winter
2022-02-06,12.9,0.0,66,16.3,Delhi,February,Winter
2022-02-07,13.2,0.0,67,16.5,Delhi,February,Winter
2022-02-08,12.5,0.0,68,14.5,Delhi,February,Winter
2022-02-09,11.5,0.0,71,15.8,Delhi,February,Winter
2022-02-10,10.6,0.0,74,13.6,Delhi,February,Winter
2022-02-11,9.5,0.0,77,15.0,Delhi,February,Winter
2022-02-12,8.9,0.0,79,16.5,Delhi,February,Winter
2022-02-13,8.5,0.0,80,18.0,Delhi,February,Winter
2022-02-14,9.0,0.0,78,17.2,Delhi,February,Winter
2022-02-15,10.1,0.0,75,16.0,Delhi,February,Winter
2022-02-16,11.5,0.0,71,14.8,Delhi,February,Winter
2022-02-17,12.5,0.0,69,13.5,Delhi,February,Winter
2022-02-18,13.0,0.0,68,12.0,Delhi,February,Winter
2022-02-19,13.5,0.0,67,11.5,Delhi,February,Winter
2022-02-20,13.8,0.0,67,13.0,Delhi,February,Winter
2022-02-21,13.0,0.0,68,14.5,Delhi,February,Winter
2022-02-22,12.0,0.0,70,16.0,Delhi,February,Winter
2022-02-23,11.0,0.0,73,17.5,Delhi,February,Winter
2022-02-24,10.5,0.0,74,18.5,Delhi,February,Winter
2022-02-25,11.0,0.0,73,19.0,Delhi,February,Winter
2022-02-26,12.5,0.0,69,17.0,Delhi,February,Winter
2022-02-27,13.5,0.0,67,15.5,Delhi,February,Winter
2022-02-28,14.0,0.0,66,14.0,Delhi,February,Winter
2022-03-01,15.0,0.0,60,20.0,Delhi,March,Spring
2022-03-02,16.2,0.0,58,21.5,Delhi,March,Spring
2022-03-03,17.5,0.2,55,19.0,Delhi,March,Spring
2022-03-04,17.0,0.0,57,18.5,Delhi,March,Spring
2022-03-05,16.5,0.0,58,17.0,Delhi,March,Spring
2022-03-06,16.0,0.0,59,16.5,Delhi,March,Spring
2022-03-07,15.5,0.0,61,15.0,Delhi,March,Spring
2022-03-08,15.0,0.0,62,14.5,Delhi,March,Spring
2022-03-09,14.5,0.0,64,13.0,Delhi,March,Spring
2022-03-10,14.0,0.0,65,12.5,Delhi,March,Spring
2022-03-11,13.5,0.0,67,11.0,Delhi,March,Spring
2022-03-12,13.0,0.0,68,10.5,Delhi,March,Spring
2022-03-13,13.5,0.0,67,10.0,Delhi,March,Spring
2022-03-14,14.5,0.0,64,11.5,Delhi,March,Spring
2022-03-15,15.5,0.0,61,13.0,Delhi,March,Spring
2022-03-16,16.5,0.0,58,14.5,Delhi,March,Spring
2022-03-17,17.5,0.0,55,16.0,Delhi,March,Spring
2022-03-18,18.0,0.0,54,17.5,Delhi,March,Spring
2022-03-19,18.5,0.0,53,18.0,Delhi,March,Spring
2022-03-20,19.0,0.0,52,19.5,Delhi,March,Spring
2022-03-21,19.5,0.0,51,21.0,Delhi,March,Spring
2022-03-22,20.0,0.0,50,22.5,Delhi,March,Spring
2022-03-23,19.5,0.0,51,23.0,Delhi,March,Spring
2022-03-24,19.0,0.0,52,24.5,Delhi,March,Spring
2022-03-25,18.5,0.0,53,26.0,Delhi,March,Spring
2022-03-26,18.0,0.0,54,27.5,Delhi,March,Spring
2022-03-27,17.5,0.0,55,28.0,Delhi,March,Spring
2022-03-28,17.0,0.0,57,26.5,Delhi,March,Spring
2022-03-29,16.5,0.0,58,25.0,Delhi,March,Spring
2022-03-30,16.0,0.0,59,23.5,Delhi,March,Spring
2022-03-31,15.5,0.0,61,22.0,Delhi,March,Spring
2022-04-01,20.0,0.0,50,25.0,Delhi,April,Spring
2022-04-02,22.1,0.0,48,27.0,Delhi,April,Spring
2022-04-03,22.5,0.0,47,28.5,Delhi,April,Spring
2022-04-04,23.0,0.0,46,30.0,Delhi,April,Spring
2022-04-05,23.5,0.0,45,31.5,Delhi,April,Spring
2022-04-06,24.0,0.0,44,32.0,Delhi,April,Spring
2022-04-07,24.5,0.0,43,30.5,Delhi,April,Spring
2022-04-08,25.0,0.0,42,29.0,Delhi,April,Spring
2022-04-09,25.5,0.0,41,27.5,Delhi,April,Spring
2022-04-10,26.0,0.0,40,26.0,Delhi,April,Spring
2022-04-11,26.5,0.0,41,24.5,Delhi,April,Spring
2022-04-12,27.0,0.0,42,23.0,Delhi,April,Spring
2022-04-13,27.5,0.0,43,21.5,Delhi,April,Spring
2022-04-14,28.0,0.0,44,20.0,Delhi,April,Spring
2022-04-15,28.5,0.0,45,18.5,Delhi,April,Spring
2022-04-16,29.0,0.0,46,17.0,Delhi,April,Spring
2022-04-17,29.5,0.0,47,15.5,Delhi,April,Spring
2022-04-18,30.0,0.0,48,14.0,Delhi,April,Spring
2022-04-19,30.5,0.0,49,12.5,Delhi,April,Spring
2022-04-20,31.0,0.0,50,11.0,Delhi,April,Spring
2022-04-21,30.5,0.0,51,9.5,Delhi,April,Spring
2022-04-22,30.0,0.0,52,8.0,Delhi,April,Spring
2022-04-23,29.5,0.0,53,7.5,Delhi,April,Spring
2022-04-24,29.0,0.0,54,7.0,Delhi,April,Spring
2022-04-25,28.5,0.0,55,6.5,Delhi,April,Spring
2022-04-26,28.0,0.0,57,7.0,Delhi,April,Spring
2022-04-27,27.5,0.0,58,8.5,Delhi,April,Spring
2022-04-28,27.0,0.0,59,10.0,Delhi,April,Spring
2022-04-29,26.5,0.0,60,11.5,Delhi,April,Spring
2022-04-30,26.0,0.0,61,13.0,Delhi,April,Spring
2022-05-01,25.5,0.0,45,30.0,Delhi,May,Spring
2022-05-02,26.0,0.0,46,28.5,Delhi,May,Spring
2022-05-03,27.0,0.0,47,27.0,Delhi,May,Spring
2022-05-04,28.0,0.0,48,25.5,Delhi,May,Spring
2022-05-05,29.0,0.0,49,24.0,Delhi,May,Spring
2022-05-06,30.0,0.0,50,22.5,Delhi,May,Spring
2022-05-07,31.0,0.0,51,21.0,Delhi,May,Spring
2022-05-08,32.0,0.0,52,19.5,Delhi,May,Spring
2022-05-09,32.5,0.0,53,18.0,Delhi,May,Spring
2022-05-10,33.0,0.0,54,16.5,Delhi,May,Spring
2022-05-11,33.5,0.0,55,15.0,Delhi,May,Spring
2022-05-12,34.0,0.0,56,13.5,Delhi,May,Spring
2022-05-13,34.5,0.0,57,12.0,Delhi,May,Spring
2022-05-14,35.0,0.0,58,10.5,Delhi,May,Spring
2022-05-15,34.5,0.0,59,9.0,Delhi,May,Spring
2022-05-16,34.0,0.0,60,8.5,Delhi,May,Spring
2022-05-17,33.5,0.0,61,8.0,Delhi,May,Spring
2022-05-18,33.0,0.0,62,7.5,Delhi,May,Spring
2022-05-19,32.5,0.0,63,7.0,Delhi,May,Spring
2022-05-20,32.0,0.0,64,6.5,Delhi,May,Spring
2022-05-21,31.5,0.0,65,6.0,Delhi,May,Spring
2022-05-22,31.0,0.0,66,6.5,Delhi,May,Spring
2022-05-23,30.5,0.0,67,7.0,Delhi,May,Spring
2022-05-24,30.0,0.0,68,7.5,Delhi,May,Spring
2022-05-25,29.5,0.0,69,8.0,Delhi,May,Spring
2022-05-26,29.0,0.0,70,8.5,Delhi,May,Spring
2022-05-27,28.5,0.0,71,9.0,Delhi,May,Spring
2022-05-28,28.0,0.0,72,9.5,Delhi,May,Spring
2022-05-29,27.5,0.0,73,10.0,Delhi,May,Spring
2022-05-30,27.0,0.0,74,10.5,Delhi,May,Spring
2022-05-31,26.5,0.0,75,11.0,Delhi,May,Spring
2022-06-01,28.0,5.0,55,15.0,Delhi,June,Summer
2022-06-02,28.5,5.5,56,14.5,Delhi,June,Summer
2022-06-03,29.0,6.0,57,14.0,Delhi,June,Summer
2022-06-04,29.5,6.5,58,13.5,Delhi,June,Summer
2022-06-05,30.0,7.0,59,13.0,Delhi,June,Summer
2022-06-06,30.5,7.5,60,12.5,Delhi,June,Summer
2022-06-07,31.0,8.0,61,12.0,Delhi,June,Summer
2022-06-08,31.5,8.5,62,11.5,Delhi,June,Summer
2022-06-09,32.0,9.0,63,11.0,Delhi,June,Summer
2022-06-10,32.5,9.5,64,10.5,Delhi,June,Summer
2022-06-11,33.0,10.0,65,10.0,Delhi,June,Summer
2022-06-12,33.5,10.5,66,9.5,Delhi,June,Summer
2022-06-13,34.0,11.0,67,9.0,Delhi,June,Summer
2022-06-14,34.5,11.5,68,8.5,Delhi,June,Summer
2022-06-15,35.0,12.0,69,8.0,Delhi,June,Summer
2022-06-16,34.5,11.5,70,7.5,Delhi,June,Summer
2022-06-17,34.0,11.0,71,7.0,Delhi,June,Summer
2022-06-18,33.5,10.5,72,6.5,Delhi,June,Summer
2022-06-19,33.0,10.0,73,6.0,Delhi,June,Summer
2022-06-20,32.5,9.5,74,5.5,Delhi,June,Summer
2022-06-21,32.0,9.0,75,5.0,Delhi,June,Summer
2022-06-22,31.5,8.5,76,5.5,Delhi,June,Summer
2022-06-23,31.0,8.0,77,6.0,Delhi,June,Summer
2022-06-24,30.5,7.5,78,6.5,Delhi,June,Summer
2022-06-25,30.0,7.0,79,7.0,Delhi,June,Summer
2022-06-26,29.5,6.5,80,7.5,Delhi,June,Summer
2022-06-27,29.0,6.0,81,8.0,Delhi,June,Summer
2022-06-28,28.5,5.5,82,8.5,Delhi,June,Summer
2022-06-29,28.0,5.0,83,9.0,Delhi,June,Summer
2022-06-30,27.5,4.5,84,9.5,Delhi,June,Summer
2022-07-01,31.0,10.5,60,10.0,Delhi,July,Summer
2022-07-02,,12.0,62,11.0,Delhi,July,Summer
2022-07-03,32.0,11.5,63,11.5,Delhi,July,Summer
2022-07-04,32.5,11.0,64,12.0,Delhi,July,Summer
2022-07-05,33.0,10.5,65,12.5,Delhi,July,Summer
2022-07-06,33.5,10.0,66,13.0,Delhi,July,Summer
2022-07-07,34.0,9.5,67,13.5,Delhi,July,Summer
2022-07-08,34.5,9.0,68,14.0,Delhi,July,Summer
2022-07-09,35.0,8.5,69,14.5,Delhi,July,Summer
2022-07-10,34.5,8.0,70,15.0,Delhi,July,Summer
2022-07-11,34.0,7.5,71,15.5,Delhi,July,Summer
2022-07-12,33.5,7.0,72,16.0,Delhi,July,Summer
2022-07-13,33.0,6.5,73,16.5,Delhi,July,Summer
2022-07-14,32.5,6.0,74,17.0,Delhi,July,Summer
2022-07-15,32.0,5.5,75,17.5,Delhi,July,Summer
2022-07-16,31.5,5.0,76,18.0,Delhi,July,Summer
2022-07-17,31.0,4.5,77,18.5,Delhi,July,Summer
2022-07-18,30.5,4.0,78,19.0,Delhi,July,Summer
2022-07-19,30.0,3.5,79,19.5,Delhi,July,Summer
2022-07-20,29.5,3.0,80,20.0,Delhi,July,Summer
2022-07-21,29.0,2.5,81,20.5,Delhi,July,Summer
2022-07-22,28.5,2.0,82,21.0,Delhi,July,Summer
2022-07-23,28.0,1.5,83,21.5,Delhi,July,Summer
2022-07-24,27.5,1.0,84,22.0,Delhi,July,Summer
2022-07-25,27.0,0.5,85,22.5,Delhi,July,Summer
2022-07-26,26.5,0.0,86,23.0,Delhi,July,Summer
2022-07-27,26.0,0.0,87,23.5,Delhi,July,Summer
2022-07-28,25.5,0.0,88,24.0,Delhi,July,Summer
2022-07-29,25.0,0.0,89,24.5,Delhi,July,Summer
2022-07-30,24.5,0.0,90,25.0,Delhi,July,Summer
2022-07-31,24.0,0.0,91,25.5,Delhi,July,Summer
2022-08-01,30.5,8.0,65,12.0,Delhi,August,Summer
2022-08-02,30.0,7.5,66,12.5,Delhi,August,Summer
2022-08-03,29.5,7.0,67,13.0,Delhi,August,Summer
2022-08-04,29.0,6.5,68,13.5,Delhi,August,Summer
2022-08-05,28.5,6.0,69,14.0,Delhi,August,Summer
2022-08-06,28.0,5.5,70,14.5,Delhi,August,Summer
2022-08-07,27.5,5.0,71,15.0,Delhi,August,Summer
2022-08-08,27.0,4.5,72,15.5,Delhi,August,Summer
2022-08-09,26.5,4.0,73,16.0,Delhi,August,Summer
2022-08-10,26.0,3.5,74,16.5,Delhi,August,Summer
2022-08-11,25.5,3.0,75,17.0,Delhi,August,Summer
2022-08-12,25.0,2.5,76,17.5,Delhi,August,Summer
2022-08-13,24.5,2.0,77,18.0,Delhi,August,Summer
2022-08-14,24.0,1.5,78,18.5,Delhi,August,Summer
2022-08-15,23.5,1.0,79,19.0,Delhi,August,Summer
2022-08-16,23.0,0.5,80,19.5,Delhi,August,Summer
2022-08-17,22.5,0.0,81,20.0,Delhi,August,Summer
2022-08-18,22.0,0.0,82,20.5,Delhi,August,Summer
2022-08-19,21.5,0.0,83,21.0,Delhi,August,Summer
2022-08-20,21.0,0.0,84,21.5,Delhi,August,Summer
2022-08-21,20.5,0.0,85,22.0,Delhi,August,Summer
2022-08-22,20.0,0.0,86,22.5,Delhi,August,Summer
2022-08-23,19.5,0.0,87,23.0,Delhi,August,Summer
2022-08-24,19.0,0.0,88,23.5,Delhi,August,Summer
2022-08-25,18.5,0.0,89,24.0,Delhi,August,Summer
2022-08-26,18.0,0.0,90,24.5,Delhi,August,Summer
2022-08-27,17.5,0.0,91,25.0,Delhi,August,Summer
2022-08-28,17.0,0.0,92,25.5,Delhi,August,Summer
2022-08-29,16.5,0.0,93,26.0,Delhi,August,Summer
2022-08-30,16.0,0.0,94,26.5,Delhi,August,Summer
2022-08-31,15.5,0.0,95,27.0,Delhi,August,Summer
2022-09-01,25.0,3.0,70,18.0,Delhi,September,Autumn
2022-09-02,24.5,2.5,71,18.5,Delhi,September,Autumn
2022-09-03,24.0,2.0,72,19.0,Delhi,September,Autumn
2022-09-04,23.5,1.5,73,19.5,Delhi,September,Autumn
2022-09-05,23.0,1.0,74,20.0,Delhi,September,Autumn
2022-09-06,22.5,0.5,75,20.5,Delhi,September,Autumn
2022-09-07,22.0,0.0,76,21.0,Delhi,September,Autumn
2022-09-08,21.5,0.0,77,21.5,Delhi,September,Autumn
2022-09-09,21.0,0.0,78,22.0,Delhi,September,Autumn
2022-09-10,20.5,0.0,79,22.5,Delhi,September,Autumn
2022-09-11,20.0,0.0,80,23.0,Delhi,September,Autumn
2022-09-12,19.5,0.0,81,23.5,Delhi,September,Autumn
2022-09-13,19.0,0.0,82,24.0,Delhi,September,Autumn
2022-09-14,18.5,0.0,83,24.5,Delhi,September,Autumn
2022-09-15,18.0,0.0,84,25.0,Delhi,September,Autumn
2022-09-16,17.5,0.0,85,25.5,Delhi,September,Autumn
2022-09-17,17.0,0.0,86,26.0,Delhi,September,Autumn
2022-09-18,16.5,0.0,87,26.5,Delhi,September,Autumn
2022-09-19,16.0,0.0,88,27.0,Delhi,September,Autumn
2022-09-20,15.5,0.0,89,27.5,Delhi,September,Autumn
2022-09-21,15.0,0.0,90,28.0,Delhi,September,Autumn
2022-09-22,14.5,0.0,91,28.5,Delhi,September,Autumn
2022-09-23,14.0,0.0,92,29.0,Delhi,September,Autumn
2022-09-24,13.5,0.0,93,29.5,Delhi,September,Autumn
2022-09-25,13.0,0.0,94,30.0,Delhi,September,Autumn
2022-09-26,12.5,0.0,95,30.5,Delhi,September,Autumn
2022-09-27,12.0,0.0,96,31.0,Delhi,September,Autumn
2022-09-28,11.5,0.0,97,31.5,Delhi,September,Autumn
2022-09-29,11.0,0.0,98,32.0,Delhi,September,Autumn
2022-09-30,10.5,0.0,99,32.5,Delhi,September,Autumn
2022-10-01,18.0,1.0,75,22.0,Delhi,October,Autumn
2022-10-02,17.5,0.5,76,21.5,Delhi,October,Autumn
2022-10-03,17.0,0.0,77,21.0,Delhi,October,Autumn
2022-10-04,16.5,0.0,78,20.5,Delhi,October,Autumn
2022-10-05,16.0,0.0,79,20.0,Delhi,October,Autumn
2022-10-06,15.5,0.0,80,19.5,Delhi,October,Autumn
2022-10-07,15.0,0.0,81,19.0,Delhi,October,Autumn
2022-10-08,14.5,0.0,82,18.5,Delhi,October,Autumn
2022-10-09,14.0,0.0,83,18.0,Delhi,October,Autumn
2022-10-10,13.5,0.0,84,17.5,Delhi,October,Autumn
2022-10-11,13.0,0.0,85,17.0,Delhi,October,Autumn
2022-10-12,12.5,0.0,86,16.5,Delhi,October,Autumn
2022-10-13,12.0,0.0,87,16.0,Delhi,October,Autumn
2022-10-14,11.5,0.0,88,15.5,Delhi,October,Autumn
2022-10-15,11.0,0.0,89,15.0,Delhi,October,Autumn
2022-10-16,10.5,0.0,90,14.5,Delhi,October,Autumn
2022-10-17,10.0,0.0,91,14.0,Delhi,October,Autumn
2022-10-18,9.5,0.0,92,13.5,Delhi,October,Autumn
2022-10-19,9.0,0.0,93,13.0,Delhi,October,Autumn
2022-10-20,8.5,0.0,94,12.5,Delhi,October,Autumn
2022-10-21,8.0,0.0,95,12.0,Delhi,October,Autumn
2022-10-22,7.5,0.0,96,11.5,Delhi,October,Autumn
2022-10-23,7.0,0.0,97,11.0,Delhi,October,Autumn
2022-10-24,6.5,0.0,98,10.5,Delhi,October,Autumn
2022-10-25,6.0,0.0,99,10.0,Delhi,October,Autumn
2022-10-26,5.5,0.0,100,9.5,Delhi,October,Autumn
2022-10-27,5.0,0.0,100,9.0,Delhi,October,Autumn
2022-10-28,4.5,0.0,100,8.5,Delhi,October,Autumn
2022-10-29,4.0,0.0,100,8.0,Delhi,October,Autumn
2022-10-30,3.5,0.0,100,7.5,Delhi,October,Autumn
2022-10-31,3.0,0.0,100,7.0,Delhi,October,Autumn
2022-11-01,12.0,0.5,80,15.0,Delhi,November,Winter
2022-11-02,11.5,0.0,81,14.5,Delhi,November,Winter
2022-11-03,11.0,0.0,82,14.0,Delhi,November,Winter
2022-11-04,10.5,0.0,83,13.5,Delhi,November,Winter
2022-11-05,10.0,0.0,84,13.0,Delhi,November,Winter
2022-11-06,9.5,0.0,85,12.5,Delhi,November,Winter
2022-11-07,9.0,0.0,86,12.0,Delhi,November,Winter
2022-11-08,8.5,0.0,87,11.5,Delhi,November,Winter
2022-11-09,8.0,0.0,88,11.0,Delhi,November,Winter
2022-11-10,7.5,0.0,89,10.5,Delhi,November,Winter
2022-11-11,7.0,0.0,90,10.0,Delhi,November,Winter
2022-11-12,6.5,0.0,91,9.5,Delhi,November,Winter
2022-11-13,6.0,0.0,92,9.0,Delhi,November,Winter
2022-11-14,5.5,0.0,93,8.5,Delhi,November,Winter
2022-11-15,5.0,0.0,94,8.0,Delhi,November,Winter
2022-11-16,4.5,0.0,95,7.5,Delhi,November,Winter
2022-11-17,4.0,0.0,96,7.0,Delhi,November,Winter
2022-11-18,3.5,0.0,97,6.5,Delhi,November,Winter
2022-11-19,3.0,0.0,98,6.0,Delhi,November,Winter
2022-11-20,2.5,0.0,99,5.5,Delhi,November,Winter
2022-11-21,2.0,0.0,100,5.0,Delhi,November,Winter
2022-11-22,1.5,0.0,100,5.5,Delhi,November,Winter
2022-11-23,1.0,0.0,100,6.0,Delhi,November,Winter
2022-11-24,0.5,0.0,100,6.5,Delhi,November,Winter
2022-11-25,0.0,0.0,100,7.0,Delhi,November,Winter
2022-11-26,0.5,0.0,100,7.5,Delhi,November,Winter
2022-11-27,1.0,0.0,100,8.0,Delhi,November,Winter
2022-11-28,1.5,0.0,100,8.5,Delhi,November,Winter
2022-11-29,2.0,0.0,100,9.0,Delhi,November,Winter
2022-11-30,2.5,0.0,99,9.5,Delhi,November,Winter
2022-12-01,8.0,2.0,85,13.0,Delhi,December,Winter
2022-12-02,7.5,1.5,86,13.5,Delhi,December,Winter
2022-12-03,7.0,1.0,87,14.0,Delhi,December,Winter
2022-12-04,6.5,0.5,88,14.5,Delhi,December,Winter
2022-12-05,6.0,0.0,89,15.0,Delhi,December,Winter
2022-12-06,5.5,0.0,90,15.5,Delhi,December,Winter
2022-12-07,5.0,0.0,91,16.0,Delhi,December,Winter
2022-12-08,4.5,0.0,92,16.5,Delhi,December,Winter
2022-12-09,4.0,0.0,93,17.0,Delhi,December,Winter
2022-12-10,3.5,0.0,94,17.5,Delhi,December,Winter
2022-12-11,3.0,0.0,95,18.0,Delhi,December,Winter
2022-12-12,2.5,0.0,96,18.5,Delhi,December,Winter
2022-12-13,2.0,0.0,97,19.0,Delhi,December,Winter
2022-12-14,1.5,0.0,98,19.5,Delhi,December,Winter
2022-12-15,1.0,0.0,99,20.0,Delhi,December,Winter
2022-12-16,0.5,0.0,100,20.5,Delhi,December,Winter
2022-12-17,0.0,0.0,100,21.0,Delhi,December,Winter
2022-12-18,0.5,0.0,100,21.5,Delhi,December,Winter
2022-12-19,1.0,0.0,100,22.0,Delhi,December,Winter
2022-12-20,1.5,0.0,100,22.5,Delhi,December,Winter
2022-12-21,2.0,0.0,99,23.0,Delhi,December,Winter
2022-12-22,2.5,0.0,98,23.5,Delhi,December,Winter
2022-12-23,3.0,0.0,97,24.0,Delhi,December,Winter
2022-12-24,3.5,0.0,96,24.5,Delhi,December,Winter
2022-12-25,4.0,0.0,95,25.0,Delhi,December,Winter
2022-12-26,4.5,0.0,94,25.5,Delhi,December,Winter
2022-12-27,5.0,0.0,93,26.0,Delhi,December,Winter
2022-12-28,5.5,0.0,92,26.5,Delhi,December,Winter
2022-12-29,6.0,0.0,91,27.0,Delhi,December,Winter
2022-12-30,6.5,0.0,90,27.5,Delhi,December,Winter
2022-12-31,7.0,0.0,89,28.0,Delhi,December,Winter
2023-01-01,6.0,1.0,88,14.0,Delhi,January,Winter
2023-01-02,5.5,0.5,89,14.5,Delhi,January,Winter
2023-01-03,5.0,0.0,90,15.0,Delhi,January,Winter
2023-01-04,4.5,0.0,91,15.5,Delhi,January,Winter
2023-01-05,4.0,0.0,92,16.0,Delhi,January,Winter
2023-01-06,3.5,0.0,93,16.5,Delhi,January,Winter
2023-01-07,3.0,0.0,94,17.0,Delhi,January,Winter
2023-01-08,2.5,0.0,95,17.5,Delhi,January,Winter
2023-01-09,2.0,0.0,96,18.0,Delhi,January,Winter
2023-01-10,1.5,0.0,97,18.5,Delhi,January,Winter
2023-01-11,1.0,0.0,98,19.0,Delhi,January,Winter
2023-01-12,0.5,0.0,99,19.5,Delhi,January,Winter
2023-01-13,0.0,0.0,100,20.0,Delhi,January,Winter
2023-01-15,1.0,0.0,100,21.0,Delhi,January,Winter
2023-01-16,1.5,0.0,100,21.5,Delhi,January,Winter
2023-01-17,2.0,0.0,99,22.0,Delhi,January,Winter
2023-01-18,2.5,0.0,98,22.5,Delhi,January,Winter
2023-01-19,3.0,0.0,97,23.0,Delhi,January,Winter
2023-01-20,3.5,0.0,96,23.5,Delhi,January,Winter
2023-01-21,4.0,0.0,95,24.0,Delhi,January,Winter
2023-01-22,4.5,0.0,94,24.5,Delhi,January,Winter
2023-01-23,5.0,0.0,93,25.0,Delhi,January,Winter
2023-01-24,5.5,0.0,92,25.5,Delhi,January,Winter
2023-01-25,6.0,0.0,91,26.0,Delhi,January,Winter
2023-01-26,6.5,0.0,90,26.5,Delhi,January,Winter
2023-01-27,7.0,0.0,89,27.0,Delhi,January,Winter
2023-01-28,7.5,0.0,88,27.5,Delhi,January,Winter
2023-01-29,8.0,0.0,87,28.0,Delhi,January,Winter
2023-01-30,8.5,0.0,86,28.5,Delhi,January,Winter
2023-01-31,9.0,0.0,85,29.0,Delhi,January,Winter
2023-02-01,9.5,0.0,78,17.0,Delhi,February,Winter
2023-02-02,10.0,0.0,77,16.5,Delhi,February,Winter
2023-02-03,10.5,0.0,76,16.0,Delhi,February,Winter
2023-02-04,11.0,0.0,75,15.5,Delhi,February,Winter
2023-02-05,11.5,0.0,74,15.0,Delhi,February,Winter
2023-02-06,12.0,0.0,73,14.5,Delhi,February,Winter
2023-02-07,12.5,0.0,72,14.0,Delhi,February,Winter
2023-02-08,13.0,0.0,71,13.5,Delhi,February,Winter
2023-02-09,13.5,0.0,70,13.0,Delhi,February,Winter
2023-02-10,14.0,0.0,69,12.5,Delhi,February,Winter
2023-02-11,14.5,0.0,68,12.0,Delhi,February,Winter
2023-02-12,15.0,0.0,67,11.5,Delhi,February,Winter
2023-02-13,15.5,0.0,66,11.0,Delhi,February,Winter
2023-02-14,16.0,0.0,65,10.5,Delhi,February,Winter
2023-02-15,16.5,0.0,64,10.0,Delhi,February,Winter
2023-02-16,17.0,0.0,63,9.5,Delhi,February,Winter
2023-02-17,17.5,0.0,62,9.0,Delhi,February,Winter
2023-02-18,18.0,0.0,61,8.5,Delhi,February,Winter
2023-02-19,18.5,0.0,60,8.0,Delhi,February,Winter
2023-02-20,19.0,0.0,59,7.5,Delhi,February,Winter
2023-02-21,19.5,0.0,58,7.0,Delhi,February,Winter
2023-02-22,20.0,0.0,57,6.5,Delhi,February,Winter
2023-02-23,20.5,0.0,56,6.0,Delhi,February,Winter
2023-02-24,21.0,0.0,55,6.5,Delhi,February,Winter
2023-02-25,21.5,0.0,54,7.0,Delhi,February,Winter
2023-02-26,22.0,0.0,53,7.5,Delhi,February,Winter
2023-02-27,22.5,0.0,52,8.0,Delhi,February,Winter
2023-02-28,23.0,0.0,51,8.5,Delhi,February,Winter
2023-03-01,15.5,0.0,62,20.5,Delhi,March,Spring
2023-03-02,16.0,0.0,61,20.0,Delhi,March,Spring
2023-03-03,16.5,0.0,60,19.5,Delhi,March,Spring
2023-03-04,17.0,0.0,59,19.0,Delhi,March,Spring
2023-03-05,17.5,0.0,58,18.5,Delhi,March,Spring
2023-03-06,18.0,0.0,57,18.0,Delhi,March,Spring
2023-03-07,18.5,0.0,56,17.5,Delhi,March,Spring
2023-03-08,19.0,0.0,55,17.0,Delhi,March,Spring
2023-03-09,19.5,0.0,54,16.5,Delhi,March,Spring
2023-03-10,20.0,0.0,53,16.0,Delhi,March,Spring
2023-03-11,20.5,0.0,52,15.5,Delhi,March,Spring
2023-03-12,21.0,0.0,51,15.0,Delhi,March,Spring
2023-03-13,21.5,0.0,50,14.5,Delhi,March,Spring
2023-03-14,22.0,0.0,49,14.0,Delhi,March,Spring
2023-03-15,22.5,0.0,48,13.5,Delhi,March,Spring
2023-03-16,23.0,0.0,47,13.0,Delhi,March,Spring
2023-03-17,23.5,0.0,46,12.5,Delhi,March,Spring
2023-03-18,24.0,0.0,45,12.0,Delhi,March,Spring
2023-03-19,24.5,0.0,44,11.5,Delhi,March,Spring
2023-03-20,25.0,0.0,43,11.0,Delhi,March,Spring
2023-03-21,25.5,0.0,42,10.5,Delhi,March,Spring
2023-03-22,26.0,0.0,41,10.0,Delhi,March,Spring
2023-03-23,26.5,0.0,40,9.5,Delhi,March,Spring
2023-03-24,27.0,0.0,41,9.0,Delhi,March,Spring
2023-03-25,27.5,0.0,42,8.5,Delhi,March,Spring
2023-03-26,28.0,0.0,43,8.0,Delhi,March,Spring
2023-03-27,28.5,0.0,44,7.5,Delhi,March,Spring
2023-03-28,29.0,0.0,45,7.0,Delhi,March,Spring
2023-03-29,29.5,0.0,46,6.5,Delhi,March,Spring
2023-03-30,30.0,0.0,47,6.0,Delhi,March,Spring
2023-03-31,30.5,0.0,48,6.5,Delhi,March,Spring
2023-04-01,21.0,0.0,52,26.0,Delhi,April,Spring
2023-04-02,21.5,0.0,51,25.5,Delhi,April,Spring
2023-04-03,22.0,0.0,50,25.0,Delhi,April,Spring
2023-04-04,22.5,0.0,49,24.5,Delhi,April,Spring
2023-04-05,23.0,0.0,48,24.0,Delhi,April,Spring
2023-04-06,23.5,0.0,47,23.5,Delhi,April,Spring
2023-04-07,24.0,0.0,46,23.0,Delhi,April,Spring
2023-04-08,24.5,0.0,45,22.5,Delhi,April,Spring
2023-04-09,25.0,0.0,44,22.0,Delhi,April,Spring
2023-04-10,25.5,0.0,43,21.5,Delhi,April,Spring
2023-04-11,26.0,0.0,42,21.0,Delhi,April,Spring
2023-04-12,26.5,0.0,41,20.5,Delhi,April,Spring
2023-04-13,27.0,0.0,40,20.0,Delhi,April,Spring
2023-04-14,27.5,0.0,41,19.5,Delhi,April,Spring
2023-04-15,28.0,0.0,42,19.0,Delhi,April,Spring
2023-04-16,28.5,0.0,43,18.5,Delhi,April,Spring
2023-04-17,29.0,0.0,44,18.0,Delhi,April,Spring
2023-04-18,29.5,0.0,45,17.5,Delhi,April,Spring
2023-04-19,30.0,0.0,46,17.0,Delhi,April,Spring
2023-04-20,30.5,0.0,47,16.5,Delhi,April,Spring
2023-04-21,31.0,0.0,48,16.0,Delhi,April,Spring
2023-04-22,31.5,0.0,49,15.5,Delhi,April,Spring
2023-04-23,32.0,0.0,50,15.0,Delhi,April,Spring
2023-04-24,32.5,0.0,51,14.5,Delhi,April,Spring
2023-04-25,33.0,0.0,52,14.0,Delhi,April,Spring
2023-04-26,33.5,0.0,53,13.5,Delhi,April,Spring
2023-04-27,34.0,0.0,54,13.0,Delhi,April,Spring
2023-04-28,34.5,0.0,55,12.5,Delhi,April,Spring
2023-04-29,35.0,0.0,56,12.0,Delhi,April,Spring
2023-04-30,34.5,0.0,57,11.5,Delhi,April,Spring
2023-05-01,26.0,0.0,48,31.0,Delhi,May,Spring
2023-05-02,26.5,0.0,49,30.5,Delhi,May,Spring
2023-05-03,27.0,0.0,50,30.0,Delhi,May,Spring
2023-05-04,27.5,0.0,51,29.5,Delhi,May,Spring
2023-05-05,28.0,0.0,52,29.0,Delhi,May,Spring
2023-05-06,28.5,0.0,53,28.5,Delhi,May,Spring
2023-05-07,29.0,0.0,54,28.0,Delhi,May,Spring
2023-05-08,29.5,0.0,55,27.5,Delhi,May,Spring
2023-05-09,30.0,0.0,56,27.0,Delhi,May,Spring
2023-05-10,30.5,0.0,57,26.5,Delhi,May,Spring
2023-05-11,31.0,0.0,58,26.0,Delhi,May,Spring
2023-05-12,31.5,0.0,59,25.5,Delhi,May,Spring
2023-05-13,32.0,0.0,60,25.0,Delhi,May,Spring
2023-05-14,32.5,0.0,61,24.5,Delhi,May,Spring
2023-05-15,33.0,0.0,62,24.0,Delhi,May,Spring
2023-05-16,33.5,0.0,63,23.5,Delhi,May,Spring
2023-05-17,34.0,0.0,64,23.0,Delhi,May,Spring
2023-05-18,34.5,0.0,65,22.5,Delhi,May,Spring
2023-05-19,35.0,0.0,66,22.0,Delhi,May,Spring
2023-05-20,34.5,0.0,67,21.5,Delhi,May,Spring
2023-05-21,34.0,0.0,68,21.0,Delhi,May,Spring
2023-05-22,33.5,0.0,69,20.5,Delhi,May,Spring
2023-05-23,33.0,0.0,70,20.0,Delhi,May,Spring
2023-05-24,32.5,0.0,71,19.5,Delhi,May,Spring
2023-05-25,32.0,0.0,72,19.0,Delhi,May,Spring
2023-05-26,31.5,0.0,73,18.5,Delhi,May,Spring
2023-05-27,31.0,0.0,74,18.0,Delhi,May,Spring
2023-05-28,30.5,0.0,75,17.5,Delhi,May,Spring
2023-05-29,30.0,0.0,76,17.0,Delhi,May,Spring
2023-05-30,29.5,0.0,77,16.5,Delhi,May,Spring
2023-05-31,29.0,0.0,78,16.0,Delhi,May,Spring
2023-06-01,28.5,4.5,58,16.0,Delhi,June,Summer
2023-06-02,29.0,5.0,59,15.5,Delhi,June,Summer
2023-06-03,29.5,5.5,60,15.0,Delhi,June,Summer
2023-06-04,30.0,6.0,61,14.5,Delhi,June,Summer
2023-06-05,30.5,6.5,62,14.0,Delhi,June,Summer
2023-06-06,31.0,7.0,63,13.5,Delhi,June,Summer
2023-06-07,31.5,7.5,64,13.0,Delhi,June,Summer
2023-06-08,32.0,8.0,65,12.5,Delhi,June,Summer
2023-06-09,32.5,8.5,66,12.0,Delhi,June,Summer
2023-06-10,33.0,9.0,67,11.5,Delhi,June,Summer
2023-06-11,33.5,9.5,68,11.0,Delhi,June,Summer
2023-06-12,34.0,10.0,69,10.5,Delhi,June,Summer
2023-06-13,34.5,10.5,70,10.0,Delhi,June,Summer
2023-06-14,35.0,11.0,71,9.5,Delhi,June,Summer
2023-06-15,34.5,10.5,72,9.0,Delhi,June,Summer
2023-06-16,34.0,10.0,73,8.5,Delhi,June,Summer
2023-06-17,33.5,9.5,74,8.0,Delhi,June,Summer
2023-06-18,33.0,9.0,75,7.5,Delhi,June,Summer
2023-06-19,32.5,8.5,76,7.0,Delhi,June,Summer
2023-06-20,32.0,8.0,77,6.5,Delhi,June,Summer
2023-06-21,31.5,7.5,78,6.0,Delhi,June,Summer
2023-06-22,31.0,7.0,79,6.5,Delhi,June,Summer
2023-06-23,30.5,6.5,80,7.0,Delhi,June,Summer
2023-06-24,30.0,6.0,81,7.5,Delhi,June,Summer
2023-06-25,29.5,5.5,82,8.0,Delhi,June,Summer
2023-06-26,29.0,5.0,83,8.5,Delhi,June,Summer
2023-06-27,28.5,4.5,84,9.0,Delhi,June,Summer
2023-06-28,28.0,4.0,85,9.5,Delhi,June,Summer
2023-06-29,27.5,3.5,86,10.0,Delhi,June,Summer
2023-06-30,27.0,3.0,87,10.5,Delhi,June,Summer
2023-07-01,31.5,11.0,63,11.0,Delhi,July,Summer
2023-07-02,32.0,11.5,64,11.5,Delhi,July,Summer
2023-07-03,32.5,12.0,65,12.0,Delhi,July,Summer
2023-07-04,33.0,12.5,66,12.5,Delhi,July,Summer
2023-07-05,33.5,13.0,67,13.0,Delhi,July,Summer
2023-07-06,34.0,13.5,68,13.5,Delhi,July,Summer
2023-07-07,34.5,14.0,69,14.0,Delhi,July,Summer
2023-07-08,35.0,14.5,70,14.5,Delhi,July,Summer
2023-07-09,34.5,14.0,71,15.0,Delhi,July,Summer
2023-07-10,34.0,13.5,72,15.5,Delhi,July,Summer
2023-07-11,33.5,13.0,73,16.0,Delhi,July,Summer
2023-07-12,33.0,12.5,74,16.5,Delhi,July,Summer
2023-07-13,32.5,12.0,75,17.0,Delhi,July,Summer
2023-07-14,32.0,11.5,76,17.5,Delhi,July,Summer
2023-07-15,31.5,11.0,77,18.0,Delhi,July,Summer
2023-07-16,31.0,10.5,78,18.5,Delhi,July,Summer
2023-07-17,30.5,10.0,79,19.0,Delhi,July,Summer
2023-07-18,30.0,9.5,80,19.5,Delhi,July,Summer
2023-07-19,29.5,9.0,81,20.0,Delhi,July,Summer
2023-07-20,29.0,8.5,82,20.5,Delhi,July,Summer
2023-07-21,28.5,8.0,83,21.0,Delhi,July,Summer
2023-07-22,28.0,7.5,84,21.5,Delhi,July,Summer
2023-07-23,27.5,7.0,85,22.0,Delhi,July,Summer
2023-07-24,27.0,6.5,86,22.5,Delhi,July,Summer
2023-07-25,26.5,6.0,87,23.0,Delhi,July,Summer
2023-07-26,26.0,5.5,88,23.5,Delhi,July,Summer
2023-07-27,25.5,5.0,89,24.0,Delhi,July,Summer
2023-07-28,25.0,4.5,90,24.5,Delhi,July,Summer
2023-07-29,24.5,4.0,91,25.0,Delhi,July,Summer
2023-07-30,24.0,3.5,92,25.5,Delhi,July,Summer
2023-07-31,23.5,3.0,93,26.0,Delhi,July,Summer
2023-08-01,30.0,7.5,68,13.0,Delhi,August,Summer
2023-08-02,29.5,7.0,69,13.5,Delhi,August,Summer
2023-08-03,29.0,6.5,70,14.0,Delhi,August,Summer
2023-08-04,28.5,6.0,71,14.5,Delhi,August,Summer
2023-08-05,28.0,5.5,72,15.0,Delhi,August,Summer
2023-08-06,27.5,5.0,73,15.5,Delhi,August,Summer
2023-08-07,27.0,4.5,74,16.0,Delhi,August,Summer
2023-08-08,26.5,4.0,75,16.5,Delhi,August,Summer
2023-08-09,26.0,3.5,76,17.0,Delhi,August,Summer
2023-08-10,25.5,3.0,77,17.5,Delhi,August,Summer
2023-08-11,25.0,2.5,78,18.0,Delhi,August,Summer
2023-08-12,24.5,2.0,79,18.5,Delhi,August,Summer
2023-08-13,24.0,1.5,80,19.0,Delhi,August,Summer
2023-08-14,23.5,1.0,81,19.5,Delhi,August,Summer
2023-08-15,23.0,0.0,82,20.0,Delhi,August,Summer
2023-08-16,22.5,0.0,83,20.5,Delhi,August,Summer
2023-08-17,22.0,0.0,84,21.0,Delhi,August,Summer
2023-08-18,21.5,0.0,85,21.5,Delhi,August,Summer
2023-08-19,21.0,0.0,86,22.0,Delhi,August,Summer
2023-08-20,20.5,0.0,87,22.5,Delhi,August,Summer
2023-08-21,20.0,0.0,88,23.0,Delhi,August,Summer
2023-08-22,19.5,0.0,89,23.5,Delhi,August,Summer
2023-08-23,19.0,0.0,90,24.0,Delhi,August,Summer
2023-08-24,18.5,0.0,91,24.5,Delhi,August,Summer
2023-08-25,18.0,0.0,92,25.0,Delhi,August,Summer
2023-08-26,17.5,0.0,93,25.5,Delhi,August,Summer
2023-08-27,17.0,0.0,94,26.0,Delhi,August,Summer
2023-08-28,16.5,0.0,95,26.5,Delhi,August,Summer
2023-08-29,16.0,0.0,96,27.0,Delhi,August,Summer
2023-08-30,15.5,0.0,97,27.5,Delhi,August,Summer
2023-08-31,15.0,0.0,98,28.0,Delhi,August,Summer
2023-09-01,25.5,3.5,73,19.0,Delhi,September,Autumn
2023-09-02,25.0,3.0,74,19.5,Delhi,September,Autumn
2023-09-03,24.5,2.5,75,20.0,Delhi,September,Autumn
2023-09-04,24.0,2.0,76,20.5,Delhi,September,Autumn
2023-09-05,23.5,1.5,77,21.0,Delhi,September,Autumn
2023-09-06,23.0,1.0,78,21.5,Delhi,September,Autumn
2023-09-07,22.5,0.5,79,22.0,Delhi,September,Autumn
2023-09-08,22.0,0.0,80,22.5,Delhi,September,Autumn
2023-09-09,21.5,0.0,81,23.0,Delhi,September,Autumn
2023-09-10,21.0,0.0,82,23.5,Delhi,September,Autumn
2023-09-11,20.5,0.0,83,24.0,Delhi,September,Autumn
2023-09-12,20.0,0.0,84,24.5,Delhi,September,Autumn
2023-09-13,19.5,0.0,85,25.0,Delhi,September,Autumn
2023-09-14,19.0,0.0,86,25.5,Delhi,September,Autumn
2023-09-15,18.5,0.0,87,26.0,Delhi,September,Autumn
2023-09-16,18.0,0.0,88,26.5,Delhi,September,Autumn
2023-09-17,17.5,0.0,89,27.0,Delhi,September,Autumn
2023-09-18,17.0,0.0,90,27.5,Delhi,September,Autumn
2023-09-19,16.5,0.0,91,28.0,Delhi,September,Autumn
2023-09-20,16.0,0.0,92,28.5,Delhi,September,Autumn
2023-09-21,15.5,0.0,93,29.0,Delhi,September,Autumn
2023-09-22,15.0,0.0,94,29.5,Delhi,September,Autumn
2023-09-23,14.5,0.0,95,30.0,Delhi,September,Autumn
2023-09-24,14.0,0.0,96,30.5,Delhi,September,Autumn
2023-09-25,13.5,0.0,97,31.0,Delhi,September,Autumn
2023-09-26,13.0,0.0,98,31.5,Delhi,September,Autumn
2023-09-27,12.5,0.0,99,32.0,Delhi,September,Autumn
2023-09-28,12.0,0.0,100,32.5,Delhi,September,Autumn
2023-09-29,11.5,0.0,100,33.0,Delhi,September,Autumn
2023-09-30,11.0,0.0,100,33.5,Delhi,September,Autumn
2023-10-01,19.0,1.5,78,23.0,Delhi,October,Autumn
2023-10-02,18.5,1.0,79,22.5,Delhi,October,Autumn
2023-10-03,18.0,0.5,80,22.0,Delhi,October,Autumn
2023-10-04,17.5,0.0,81,21.5,Delhi,October,Autumn
2023-10-05,17.0,0.0,82,21.0,Delhi,October,Autumn
2023-10-06,16.5,0.0,83,20.5,Delhi,October,Autumn
2023-10-07,16.0,0.0,84,20.0,Delhi,October,Autumn
2023-10-08,15.5,0.0,85,19.5,Delhi,October,Autumn
2023-10-09,15.0,0.0,86,19.0,Delhi,October,Autumn
2023-10-10,14.5,0.0,87,18.5,Delhi,October,Autumn
2023-10-11,14.0,0.0,88,18.0,Delhi,October,Autumn
2023-10-12,13.5,0.0,89,17.5,Delhi,October,Autumn
2023-10-13,13.0,0.0,90,17.0,Delhi,October,Autumn
2023-10-14,12.5,0.0,91,16.5,Delhi,October,Autumn
2023-10-15,12.0,0.0,92,16.0,Delhi,October,Autumn
2023-10-16,11.5,0.0,93,15.5,Delhi,October,Autumn
2023-10-17,11.0,0.0,94,15.0,Delhi,October,Autumn
2023-10-18,10.5,0.0,95,14.5,Delhi,October,Autumn
2023-10-19,10.0,0.0,96,14.0,Delhi,October,Autumn
2023-10-20,9.5,0.0,97,13.5,Delhi,October,Autumn
2023-10-21,9.0,0.0,98,13.0,Delhi,October,Autumn
2023-10-22,8.5,0.0,99,12.5,Delhi,October,Autumn
2023-10-23,8.0,0.0,100,12.0,Delhi,October,Autumn
2023-10-24,7.5,0.0,100,11.5,Delhi,October,Autumn
2023-10-25,7.0,0.0,100,11.0,Delhi,October,Autumn
2023-10-26,6.5,0.0,100,10.5,Delhi,October,Autumn
2023-10-27,6.0,0.0,100,10.0,Delhi,October,Autumn
2023-11-01,12.5,0.8,83,16.0,Delhi,November,Winter
2023-11-02,12.0,0.5,84,15.5,Delhi,November,Winter
2023-11-03,11.5,0.0,85,15.0,Delhi,November,Winter
2023-11-04,11.0,0.0,86,14.5,Delhi,November,Winter
2023-11-05,10.5,0.0,87,14.0,Delhi,November,Winter
2023-11-06,10.0,0.0,88,13.5,Delhi,November,Winter
2023-11-07,9.5,0.0,89,13.0,Delhi,November,Winter
2023-11-08,9.0,0.0,90,12.5,Delhi,November,Winter
2023-11-09,8.5,0.0,91,12.0,Delhi,November,Winter
2023-11-10,8.0,0.0,92,11.5,Delhi,November,Winter
2023-11-11,7.5,0.0,93,11.0,Delhi,November,Winter
2023-11-12,7.0,0.0,94,10.5,Delhi,November,Winter
2023-11-13,6.5,0.0,95,10.0,Delhi,November,Winter
2023-11-14,6.0,0.0,96,9.5,Delhi,November,Winter
2023-11-15,5.5,0.0,97,9.0,Delhi,November,Winter
2023-11-16,5.0,0.0,98,8.5,Delhi,November,Winter
2023-11-17,4.5,0.0,99,8.0,Delhi,November,Winter
2023-11-18,4.0,0.0,100,7.5,Delhi,November,Winter
2023-11-19,3.5,0.0,100,7.0,Delhi,November,Winter
2023-11-20,3.0,0.0,100,6.5,Delhi,November,Winter
2023-11-21,2.5,0.0,100,6.0,Delhi,November,Winter
2023-11-22,2.0,0.0,100,5.5,Delhi,November,Winter
2023-11-23,1.5,0.0,100,6.0,Delhi,November,Winter
2023-11-24,1.0,0.0,100,6.5,Delhi,November,Winter
2023-11-25,0.5,0.0,100,7.0,Delhi,November,Winter
2023-11-26,0.0,0.0,100,7.5,Delhi,November,Winter
2023-11-27,0.5,0.0,100,8.0,Delhi,November,Winter
2023-11-28,1.0,0.0,100,8.5,Delhi,November,Winter
2023-11-29,1.5,0.0,100,9.0,Delhi,November,Winter
2023-11-30,2.0,0.0,99,9.5,Delhi,November,Winter
2023-12-01,8.5,2.5,88,14.0,Delhi,December,Winter
2023-12-02,8.0,2.0,89,14.5,Delhi,December,Winter
2023-12-03,7.5,1.5,90,15.0,Delhi,December,Winter
2023-12-04,7.0,1.0,91,15.5,Delhi,December,Winter
2023-12-05,6.5,0.5,92,16.0,Delhi,December,Winter
2023-12-06,6.0,0.0,93,16.5,Delhi,December,Winter
2023-12-07,5.5,0.0,94,17.0,Delhi,December,Winter
2023-12-08,5.0,0.0,95,17.5,Delhi,December,Winter
2023-12-09,4.5,0.0,96,18.0,Delhi,December,Winter
2023-12-10,4.0,0.0,97,18.5,Delhi,December,Winter
2023-12-11,3.5,0.0,98,19.0,Delhi,December,Winter
2023-12-12,3.0,0.0,99,19.5,Delhi,December,Winter
2023-12-13,2.5,0.0,100,20.0,Delhi,December,Winter
2023-12-14,2.0,0.0,100,20.5,Delhi,December,Winter
2023-12-15,1.5,0.0,100,21.0,Delhi,December,Winter
2023-12-16,1.0,0.0,100,21.5,Delhi,December,Winter
2023-12-17,0.5,0.0,100,22.0,Delhi,December,Winter
2023-12-18,0.0,0.0,100,22.5,Delhi,December,Winter
2023-12-19,0.5,0.0,100,23.0,Delhi,December,Winter
2023-12-20,1.0,0.0,100,23.5,Delhi,December,Winter
2023-12-21,1.5,0.0,100,24.0,Delhi,December,Winter
2023-12-22,2.0,0.0,99,24.5,Delhi,December,Winter
2023-12-23,2.5,0.0,98,25.0,Delhi,December,Winter
2023-12-24,3.0,0.0,97,25.5,Delhi,December,Winter
2023-12-25,3.5,0.0,96,26.0,Delhi,December,Winter
2023-12-26,4.0,0.0,95,26.5,Delhi,December,Winter
2023-12-27,4.5,0.0,94,27.0,Delhi,December,Winter
2023-12-28,5.0,0.0,93,27.5,Delhi,December,Winter
2023-12-29,5.5,0.0,92,28.0,Delhi,December,Winter
2023-12-30,6.0,0.0,91,28.5,Delhi,December,Winter
2023-12-31,6.5,0.0,90,29.0,Delhi,December,Winter
2024-01-01,6.5,1.2,87,13.5,Delhi,January,Winter
2024-01-02,6.0,0.8,88,14.0,Delhi,January,Winter
2024-01-03,5.5,0.4,89,14.5,Delhi,January,Winter
2024-02-01,10.0,0.0,77,17.5,Delhi,February,Winter
2024-02-02,10.5,0.0,76,17.0,Delhi,February,Winter
2024-02-03,11.0,0.0,75,16.5,Delhi,February,Winter
2024-02-04,11.5,0.0,74,16.0,Delhi,February,Winter
2024-02-05,12.0,0.0,73,15.5,Delhi,February,Winter
2024-02-06,12.5,0.0,72,15.0,Delhi,February,Winter
2024-02-07,13.0,0.0,71,14.5,Delhi,February,Winter
2024-02-08,13.5,0.0,70,14.0,Delhi,February,Winter
2024-02-09,14.0,0.0,69,13.5,Delhi,February,Winter
2024-02-10,14.5,0.0,68,13.0,Delhi,February,Winter
2024-02-11,15.0,0.0,67,12.5,Delhi,February,Winter
2024-02-12,15.5,0.0,66,12.0,Delhi,February,Winter
2024-02-13,16.0,0.0,65,11.5,Delhi,February,Winter
2024-02-14,16.5,0.0,64,11.0,Delhi,February,Winter
2024-02-15,17.0,0.0,63,10.5,Delhi,February,Winter
2024-02-16,17.5,0.0,62,10.0,Delhi,February,Winter
2024-02-17,18.0,0.0,61,9.5,Delhi,February,Winter
2024-02-18,18.5,0.0,60,9.0,Delhi,February,Winter
2024-02-19,19.0,0.0,59,8.5,Delhi,February,Winter
2024-02-20,19.5,0.0,58,8.0,Delhi,February,Winter
2024-02-21,20.0,0.0,57,7.5,Delhi,February,Winter
2024-02-22,20.5,0.0,56,7.0,Delhi,February,Winter
2024-02-28,23.5,0.0,50,9.0,Delhi,February,Winter
2024-02-29,24.0,0.0,49,9.5,Delhi,February,Winter
2024-03-01,16.0,0.0,60,21.0,Delhi,March,Spring
2024-03-02,16.5,0.0,59,20.5,Delhi,March,Spring
2024-03-03,17.0,0.0,58,20.0,Delhi,March,Spring
2024-03-04,17.5,0.0,57,19.5,Delhi,March,Spring
2024-03-05,18.0,0.0,56,19.0,Delhi,March,Spring
2024-03-06,18.5,0.0,55,18.5,Delhi,March,Spring
2024-03-07,19.0,0.0,54,18.0,Delhi,March,Spring
2024-03-08,19.5,0.0,53,17.5,Delhi,March,Spring
2024-03-09,20.0,0.0,52,17.0,Delhi,March,Spring
2024-03-10,20.5,0.0,51,16.5,Delhi,March,Spring
2024-03-11,21.0,0.0,50,16.0,Delhi,March,Spring
2024-03-12,21.5,0.0,49,15.5,Delhi,March,Spring
2024-03-13,22.0,0.0,48,15.0,Delhi,March,Spring
2024-03-14,22.5,0.0,47,14.5,Delhi,March,Spring
2024-03-15,23.0,0.0,46,14.0,Delhi,March,Spring
2024-03-16,23.5,0.0,45,13.5,Delhi,March,Spring
2024-03-17,24.0,0.0,44,13.0,Delhi,March,Spring
2024-03-18,24.5,0.0,43,12.5,Delhi,March,Spring
2024-03-19,25.0,0.0,42,12.0,Delhi,March,Spring
2024-03-20,25.5,0.0,41,11.5,Delhi,March,Spring
2024-03-21,26.0,0.0,40,11.0,Delhi,March,Spring
2024-03-22,26.5,0.0,41,10.5,Delhi,March,Spring
2024-03-23,27.0,0.0,42,10.0,Delhi,March,Spring
2024-03-24,27.5,0.0,43,9.5,Delhi,March,Spring
2024-03-25,28.0,0.0,44,9.0,Delhi,March,Spring
2024-03-26,28.5,0.0,45,8.5,Delhi,March,Spring
2024-03-27,29.0,0.0,46,8.0,Delhi,March,Spring
2024-03-28,29.5,0.0,47,7.5,Delhi,March,Spring
2024-03-29,30.0,0.0,48,7.0,Delhi,March,Spring
2024-03-30,30.5,0.0,49,7.5,Delhi,March,Spring
2024-03-31,31.0,0.0,50,8.0,Delhi,March,Spring
2024-04-01,22.0,0.0,50,26.5,Delhi,April,Spring
2024-04-02,22.5,0.0,49,26.0,Delhi,April,Spring
2024-04-03,23.0,0.0,48,25.5,Delhi,April,Spring
2024-04-04,23.5,0.0,47,25.0,Delhi,April,Spring
2024-04-05,24.0,0.0,46,24.5,Delhi,April,Spring
2024-04-06,24.5,0.0,45,24.0,Delhi,April,Spring
2024-04-07,25.0,0.0,44,23.5,Delhi,April,Spring
2024-04-08,25.5,0.0,43,23.0,Delhi,April,Spring
2024-04-09,26.0,0.0,42,22.5,Delhi,April,Spring
2024-04-10,26.5,0.0,41,22.0,Delhi,April,Spring
2024-04-11,27.0,0.0,40,21.5,Delhi,April,Spring
2024-04-12,27.5,0.0,41,21.0,Delhi,April,Spring
2024-04-13,28.0,0.0,42,20.5,Delhi,April,Spring
2024-04-14,28.5,0.0,43,20.0,Delhi,April,Spring
2024-04-15,29.0,0.0,44,19.5,Delhi,April,Spring
2024-04-16,29.5,0.0,45,19.0,Delhi,April,Spring
2024-04-17,30.0,0.0,46,18.5,Delhi,April,Spring
2024-04-18,30.5,0.0,47,18.0,Delhi,April,Spring
2024-04-19,31.0,0.0,48,17.5,Delhi,April,Spring
2024-04-20,31.5,0.0,49,17.0,Delhi,April,Spring
2024-04-21,32.0,0.0,50,16.5,Delhi,April,Spring
2024-04-22,32.5,0.0,51,16.0,Delhi,April,Spring
2024-04-23,33.0,0.0,52,15.5,Delhi,April,Spring
2024-04-24,33.5,0.0,53,15.0,Delhi,April,Spring
2024-04-25,34.0,0.0,54,14.5,Delhi,April,Spring
2024-04-26,34.5,0.0,55,14.0,Delhi,April,Spring
2024-04-27,35.0,0.0,56,13.5,Delhi,April,Spring
2024-04-28,34.5,0.0,57,13.0,Delhi,April,Spring
2024-04-29,34.0,0.0,58,12.5,Delhi,April,Spring
2024-04-30,33.5,0.0,59,12.0,Delhi,April,Spring
2024-05-01,27.0,0.0,47,32.0,Delhi,May,Spring
2024-05-02,27.5,0.0,48,31.5,Delhi,May,Spring
2024-05-03,28.0,0.0,49,31.0,Delhi,May,Spring
2024-05-04,28.5,0.0,50,30.5,Delhi,May,Spring
2024-05-05,29.0,0.0,51,30.0,Delhi,May,Spring
2024-05-06,29.5,0.0,52,29.5,Delhi,May,Spring
2024-05-07,30.0,0.0,53,29.0,Delhi,May,Spring
2024-05-08,30.5,0.0,54,28.5,Delhi,May,Spring
2024-05-09,31.0,0.0,55,28.0,Delhi,May,Spring
2024-05-10,31.5,0.0,56,27.5,Delhi,May,Spring
2024-05-11,32.0,0.0,57,27.0,Delhi,May,Spring
2024-05-12,32.5,0.0,58,26.5,Delhi,May,Spring
2024-05-13,33.0,0.0,59,26.0,Delhi,May,Spring
2024-05-14,33.5,0.0,60,25.5,Delhi,May,Spring
2024-05-15,34.0,0.0,61,25.0,Delhi,May,Spring
2024-05-16,34.5,0.0,62,24.5,Delhi,May,Spring
2024-05-17,35.0,0.0,63,24.0,Delhi,May,Spring
2024-05-18,34.5,0.0,64,23.5,Delhi,May,Spring
2024-05-19,34.0,0.0,65,23.0,Delhi,May,Spring
2024-05-20,33.5,0.0,66,22.5,Delhi,May,Spring
2024-05-21,33.0,0.0,67,22.0,Delhi,May,Spring
2024-05-22,32.5,0.0,68,21.5,Delhi,May,Spring
2024-05-23,32.0,0.0,69,21.0,Delhi,May,Spring
2024-05-24,31.5,0.0,70,20.5,Delhi,May,Spring
2024-05-25,31.0,0.0,71,20.0,Delhi,May,Spring
2024-05-26,30.5,0.0,72,19.5,Delhi,May,Spring
2024-05-27,30.0,0.0,73,19.0,Delhi,May,Spring
2024-05-28,29.5,0.0,74,18.5,Delhi,May,Spring
2024-05-29,29.0,0.0,75,18.0,Delhi,May,Spring
2024-05-30,28.5,0.0,76,17.5,Delhi,May,Spring
2024-05-31,28.0,0.0,77,17.0,Delhi,May,Spring
2024-06-01,29.0,5.5,60,15.5,Delhi,June,Summer
2024-06-02,29.5,6.0,61,15.0,Delhi,June,Summer
2024-06-03,30.0,6.5,62,14.5,Delhi,June,Summer
2024-06-04,30.5,7.0,63,14.0,Delhi,June,Summer
2024-06-05,31.0,7.5,64,13.5,Delhi,June,Summer
2024-06-06,31.5,8.0,65,13.0,Delhi,June,Summer
2024-06-07,32.0,8.5,66,12.5,Delhi,June,Summer
2024-06-08,32.5,9.0,67,12.0,Delhi,June,Summer
2024-06-09,33.0,9.5,68,11.5,Delhi,June,Summer
2024-06-10,33.5,10.0,69,11.0,Delhi,June,Summer
2024-06-11,34.0,10.5,70,10.5,Delhi,June,Summer
2024-06-12,34.5,11.0,71,10.0,Delhi,June,Summer
2024-06-13,35.0,11.5,72,9.5,Delhi,June,Summer
2024-06-14,34.5,11.0,73,9.0,Delhi,June,Summer
2024-06-15,34.0,10.5,74,8.5,Delhi,June,Summer
2024-06-16,33.5,10.0,75,8.0,Delhi,June,Summer
2024-06-17,33.0,9.5,76,7.5,Delhi,June,Summer
2024-06-18,32.5,9.0,77,7.0,Delhi,June,Summer
2024-06-19,32.0,8.5,78,6.5,Delhi,June,Summer
2024-06-20,31.5,8.0,79,6.0,Delhi,June,Summer
2024-06-21,31.0,7.5,80,5.5,Delhi,June,Summer
2024-06-22,30.5,7.0,81,6.0,Delhi,June,Summer
2024-06-23,30.0,6.5,82,6.5,Delhi,June,Summer
2024-06-24,29.5,6.0,83,7.0,Delhi,June,Summer
2024-06-25,29.0,5.5,84,7.5,Delhi,June,Summer
2024-06-26,28.5,5.0,85,8.0,Delhi,June,Summer
2024-06-27,28.0,4.5,86,8.5,Delhi,June,Summer
2024-06-28,27.5,4.0,87,9.0,Delhi,June,Summer
2024-06-29,27.0,3.5,88,9.5,Delhi,June,Summer
2024-06-30,26.5,3.0,89,10.0,Delhi,June,Summer
2024-07-01,32.0,12.5,65,10.5,Delhi,July,Summer
2024-07-02,32.5,13.0,66,11.0,Delhi,July,Summer
2024-07-03,33.0,13.5,67,11.5,Delhi,July,Summer
2024-07-04,33.5,14.0,68,12.0,Delhi,July,Summer
2024-07-05,34.0,14.5,69,12.5,Delhi,July,Summer
2024-07-06,34.5,15.0,70,13.0,Delhi,July,Summer
2024-07-07,35.0,15.5,71,13.5,Delhi,July,Summer
2024-07-08,34.5,15.0,72,14.0,Delhi,July,Summer
2024-07-09,34.0,14.5,73,14.5,Delhi,July,Summer
2024-07-10,33.5,14.0,74,15.0,Delhi,July,Summer
2024-07-11,33.0,13.5,75,15.5,Delhi,July,Summer
2024-07-12,32.5,13.0,76,16.0,Delhi,July,Summer
2024-07-13,32.0,12.5,77,16.5,Delhi,July,Summer
2024-07-14,31.5,12.0,78,17.0,Delhi,July,Summer
2024-07-15,31.0,11.5,79,17.5,Delhi,July,Summer
2024-07-16,30.5,11.0,80,18.0,Delhi,July,Summer
2024-07-17,30.0,10.5,81,18.5,Delhi,July,Summer
2024-07-18,29.5,10.0,82,19.0,Delhi,July,Summer
2024-07-19,29.0,9.5,83,19.5,Delhi,July,Summer
2024-07-20,28.5,9.0,84,20.0,Delhi,July,Summer
2024-07-21,28.0,8.5,85,20.5,Delhi,July,Summer
2024-07-22,27.5,8.0,86,21.0,Delhi,July,Summer
2024-07-23,27.0,7.5,87,21.5,Delhi,July,Summer
2024-07-24,26.5,7.0,88,22.0,Delhi,July,Summer
2024-07-25,26.0,6.5,89,22.5,Delhi,July,Summer
2024-07-26,25.5,6.0,90,23.0,Delhi,July,Summer
2024-07-27,25.0,5.5,91,23.5,Delhi,July,Summer
2024-07-28,24.5,5.0,92,24.0,Delhi,July,Summer
2024-07-29,24.0,4.5,93,24.5,Delhi,July,Summer
2024-07-30,23.5,4.0,94,25.0,Delhi,July,Summer
2024-07-31,23.0,3.5,95,25.5,Delhi,July,Summer
2024-08-01,30.0,8.5,70,13.5,Delhi,August,Summer
2024-08-02,29.5,8.0,71,14.0,Delhi,August,Summer
2024-08-03,29.0,7.5,72,14.5,Delhi,August,Summer
2024-08-04,28.5,7.0,73,15.0,Delhi,August,Summer
2024-08-05,28.0,6.5,74,15.5,Delhi,August,Summer
2024-08-06,27.5,6.0,75,16.0,Delhi,August,Summer
2024-08-07,27.0,5.5,76,16.5,Delhi,August,Summer
2024-08-08,26.5,5.0,77,17.0,Delhi,August,Summer
2024-08-09,26.0,4.5,78,17.5,Delhi,August,Summer
2024-08-10,25.5,4.0,79,18.0,Delhi,August,Summer
2024-08-11,25.0,3.5,80,18.5,Delhi,August,Summer
2024-08-12,24.5,3.0,81,19.0,Delhi,August,Summer
2024-08-13,24.0,2.5,82,19.5,Delhi,August,Summer
2024-08-14,23.5,2.0,83,20.0,Delhi,August,Summer
2024-08-15,23.0,1.5,84,20.5,Delhi,August,Summer
2024-08-16,22.5,1.0,85,21.0,Delhi,August,Summer
2024-08-17,22.0,0.5,86,21.5,Delhi,August,Summer
2024-08-18,21.5,0.0,87,22.0,Delhi,August,Summer
2024-08-19,21.0,0.0,88,22.5,Delhi,August,Summer
2024-08-20,20.5,0.0,89,23.0,Delhi,August,Summer
2024-08-21,20.0,0.0,90,23.5,Delhi,August,Summer
2024-08-22,19.5,0.0,91,24.0,Delhi,August,Summer
2024-08-23,19.0,0.0,92,24.5,Delhi,August,Summer
2024-08-24,18.5,0.0,93,25.0,Delhi,August,Summer
2024-08-25,18.0,0.0,94,25.5,Delhi,August,Summer
2024-08-26,17.5,0.0,95,26.0,Delhi,August,Summer
2024-08-27,17.0,0.0,96,26.5,Delhi,August,Summer
2024-08-28,16.5,0.0,97,27.0,Delhi,August,Summer
2024-08-29,16.0,0.0,98,27.5,Delhi,August,Summer
2024-08-30,15.5,0.0,99,28.0,Delhi,August,Summer
2024-08-31,15.0,0.0,100,28.5,Delhi,August,Summer
2024-09-01,26.0,4.0,75,19.5,Delhi,September,Autumn
2024-09-02,25.5,3.5,76,20.0,Delhi,September,Autumn
2024-09-03,25.0,3.0,77,20.5,Delhi,September,Autumn
2024-09-04,24.5,2.5,78,21.0,Delhi,September,Autumn
2024-09-05,24.0,2.0,79,21.5,Delhi,September,Autumn
2024-09-06,23.5,1.5,80,22.0,Delhi,September,Autumn
2024-09-07,23.0,1.0,81,22.5,Delhi,September,Autumn
2024-09-08,22.5,0.5,82,23.0,Delhi,September,Autumn
2024-09-09,22.0,0.0,83,23.5,Delhi,September,Autumn
2024-09-10,21.5,0.0,84,24.0,Delhi,September,Autumn
2024-09-11,21.0,0.0,85,24.5,Delhi,September,Autumn
2024-09-12,20.5,0.0,86,25.0,Delhi,September,Autumn
2024-09-13,20.0,0.0,87,25.5,Delhi,September,Autumn
2024-09-14,19.5,0.0,88,26.0,Delhi,September,Autumn
2024-09-15,19.0,0.0,89,26.5,Delhi,September,Autumn
2024-09-16,18.5,0.0,90,27.0,Delhi,September,Autumn
2024-09-17,18.0,0.0,91,27.5,Delhi,September,Autumn
2024-09-18,17.5,0.0,92,28.0,Delhi,September,Autumn
2024-09-19,17.0,0.0,93,28.5,Delhi,September,Autumn
2024-09-20,16.5,0.0,94,29.0,Delhi,September,Autumn
2024-09-21,16.0,0.0,95,29.5,Delhi,September,Autumn
2024-09-22,15.5,0.0,96,30.0,Delhi,September,Autumn
2024-09-23,15.0,0.0,97,30.5,Delhi,September,Autumn
2024-09-24,14.5,0.0,98,31.0,Delhi,September,Autumn
2024-09-25,14.0,0.0,99,31.5,Delhi,September,Autumn
2024-09-26,13.5,0.0,100,32.0,Delhi,September,Autumn
2024-09-27,13.0,0.0,100,32.5,Delhi,September,Autumn
2024-09-28,12.5,0.0,100,33.0,Delhi,September,Autumn
2024-09-29,12.0,0.0,100,33.5,Delhi,September,Autumn
2024-09-30,11.5,0.0,100,34.0,Delhi,September,Autumn
2024-10-01,19.5,1.8,80,23.5,Delhi,October,Autumn
2024-10-02,19.0,1.5,81,23.0,Delhi,October,Autumn
2024-10-03,18.5,1.2,82,22.5,Delhi,October,Autumn
2024-10-04,18.0,0.9,83,22.0,Delhi,October,Autumn
2024-10-05,17.5,0.6,84,21.5,Delhi,October,Autumn
2024-10-06,17.0,0.3,85,21.0,Delhi,October,Autumn
2024-10-07,16.5,0.0,86,20.5,Delhi,October,Autumn
2024-10-08,16.0,0.0,87,20.0,Delhi,October,Autumn
2024-10-09,15.5,0.0,88,19.5,Delhi,October,Autumn
2024-10-10,15.0,0.0,89,19.0,Delhi,October,Autumn
2024-10-11,14.5,0.0,90,18.5,Delhi,October,Autumn
2024-10-12,14.0,0.0,91,18.0,Delhi,October,Autumn
2024-10-13,13.5,0.0,92,17.5,Delhi,October,Autumn
2024-10-14,13.0,0.0,93,17.0,Delhi,October,Autumn
2024-10-15,12.5,0.0,94,16.5,Delhi,October,Autumn
2024-10-16,12.0,0.0,95,16.0,Delhi,October,Autumn
2024-10-17,11.5,0.0,96,15.5,Delhi,October,Autumn
2024-10-18,11.0,0.0,97,15.0,Delhi,October,Autumn
2024-10-19,10.5,0.0,98,14.5,Delhi,October,Autumn
2024-10-20,10.0,0.0,99,14.0,Delhi,October,Autumn
2024-10-21,9.5,0.0,100,13.5,Delhi,October,Autumn
2024-10-22,9.0,0.0,100,13.0,Delhi,October,Autumn
2024-10-23,8.5,0.0,100,12.5,Delhi,October,Autumn
2024-11-01,13.0,1.0,85,16.5,Delhi,November,Winter
2024-11-02,12.5,0.8,86,16.0,Delhi,November,Winter
2024-11-03,12.0,0.6,87,15.5,Delhi,November,Winter
2024-11-04,11.5,0.4,88,15.0,Delhi,November,Winter
2024-11-05,11.0,0.2,89,14.5,Delhi,November,Winter
2024-11-06,10.5,0.0,90,14.0,Delhi,November,Winter
2024-11-07,10.0,0.0,91,13.5,Delhi,November,Winter
2024-11-08,9.5,0.0,92,13.0,Delhi,November,Winter
2024-11-09,9.0,0.0,93,12.5,Delhi,November,Winter
2024-11-10,8.5,0.0,94,12.0,Delhi,November,Winter
2024-11-11,8.0,0.0,95,11.5,Delhi,November,Winter
2024-11-12,7.5,0.0,96,11.0,Delhi,November,Winter
2024-11-13,7.0,0.0,97,10.5,Delhi,November,Winter
2024-11-14,6.5,0.0,98,10.0,Delhi,November,Winter
2024-11-15,6.0,0.0,99,9.5,Delhi,November,Winter
2024-11-16,5.5,0.0,100,9.0,Delhi,November,Winter
2024-11-17,5.0,0.0,100,8.5,Delhi,November,Winter
2024-11-18,4.5,0.0,100,8.0,Delhi,November,Winter
2024-11-23,2.0,0.0,100,6.5,Delhi,November,Winter
2024-11-24,1.5,0.0,100,7.0,Delhi,November,Winter
2024-11-25,1.0,0.0,100,7.5,Delhi,November,Winter
2024-11-27,0.0,0.0,100,8.5,Delhi,November,Winter
2024-11-28,0.5,0.0,100,9.0,Delhi,November,Winter
2024-11-29,1.0,0.0,100,9.5,Delhi,November,Winter
2024-11-30,1.5,0.0,99,10.0,Delhi,November,Winter
2024-12-01,9.0,3.0,90,14.5,Delhi,December,Winter
2024-12-02,8.5,2.5,91,15.0,Delhi,December,Winter
2024-12-03,8.0,2.0,92,15.5,Delhi,December,Winter
2024-12-04,7.5,1.5,93,16.0,Delhi,December,Winter
2024-12-05,7.0,1.0,94,16.5,Delhi,December,Winter
2024-12-06,6.5,0.5,95,17.0,Delhi,December,Winter
2024-12-07,6.0,0.0,96,17.5,Delhi,December,Winter
2024-12-08,5.5,0.0,97,18.0,Delhi,December,Winter
2024-12-09,5.0,0.0,98,18.5,Delhi,December,Winter
2024-12-10,4.5,0.0,99,19.0,Delhi,December,Winter
2024-12-11,4.0,0.0,100,19.5,Delhi,December,Winter
2024-12-12,3.5,0.0,100,20.0,Delhi,December,Winter
2024-12-13,3.0,0.0,100,20.5,Delhi,December,Winter
2024-12-14,2.5,0.0,100,21.0,Delhi,December,Winter
2024-12-15,2.0,0.0,100,21.5,Delhi,December,Winter
2024-12-16,1.5,0.0,100,22.0,Delhi,December,Winter
2024-12-17,1.0,0.0,100,22.5,Delhi,December,Winter
2024-12-19,0.0,0.0,100,23.5,Delhi,December,Winter
2024-12-20,0.5,0.0,100,24.0,Delhi,December,Winter
2024-12-21,1.0,0.0,100,24.5,Delhi,December,Winter
2024-12-22,1.5,0.0,100,25.0,Delhi,December,Winter
2024-12-23,2.0,0.0,99,25.5,Delhi,December,Winter
2024-12-24,2.5,0.0,98,26.0,Delhi,December,Winter
2024-12-25,3.0,0.0,97,26.5,Delhi,December,Winter
2024-12-26,3.5,0.0,96,27.0,Delhi,December,Winter
2024-12-27,4.0,0.0,95,27.5,Delhi,December,Winter
2024-12-28,4.5,0.0,94,28.0,Delhi,December,Winter
2024-12-29,5.0,0.0,93,28.5,Delhi,December,Winter
2024-12-30,5.5,0.0,92,29.0,Delhi,December,Winter
2024-12-31,6.0,0.0,91,29.5,Delhi,December,Winter
